ubid	logFC	AveExpr	t	P.Value	adj.P.Val	B	contrast	Peptide	ID	Gene	abs_fc
NPR3_K.ub.208	7.16885726642435	21.8135385472037	14.6109307811108	9.52817213334094e-07	0.00651536410477853	5.68484372425547	EV-R5KO	AALVYSDDK.ub.LER	P17342	NPR3	7.16885726642435
GPM6A_K.ub.257	4.88697921879985	20.6495853833142	11.770780472165	4.4807738777176e-06	0.00947741163851866	4.57272545332257	EV-R5KO	SK.ub.EEQELHDIHSTR	P51674	GPM6A	4.88697921879985
AKR1C2_K.ub.207	9.57614123766026	21.0387481291328	11.5125909643354	5.24421550430088e-06	0.00947741163851866	4.45071476773866	EV-R5KO	LLDFCK.ub.SK	P52895	AKR1C2	9.57614123766026
SLC20A2_K.ub.425	-4.52399868588242	21.2926066067289	-11.4226067425526	5.54396703042917e-06	0.00947741163851866	4.40723447260331	EV-R5KO	LVGDTVSYSK.ub.K	Q08357	SLC20A2	4.52399868588242
SF3B1_K.ub.1292	2.27346146457838	24.3812813059724	10.6996549135006	8.79493289874555e-06	0.0120279502323244	4.03892023864801	EV-R5KO	IYNDDK.ub.NTYIR	O75533	SF3B1	2.27346146457838
DGKD_K.ub.815	4.88996121532617	19.8440649001116	9.64136102688599	1.82166616439926e-05	0.0150121699438984	3.43250979756174	EV-R5KO	TYK.ub.NLEQK	Q16760	DGKD	4.88996121532617
KIF23_K.ub.503	-1.84232895096112	23.1228941665541	-9.48656475993239	2.03819719121064e-05	0.0150121699438984	3.33639260001263	EV-R5KO	LIEALEK.ub.R	Q02241	KIF23	1.84232895096112
CPS1_K.ub.1479	3.41858155552876	21.0132634311267	9.48084955024228	2.04672857519679e-05	0.0150121699438984	3.33280522604018	EV-R5KO	LFAEAVQK.ub.SR	P31327	CPS1	3.41858155552876
SLU7_K.ub.302	-5.50163027370152	18.7615969580776	-9.41008604258562	2.15575672034741e-05	0.0150121699438984	3.28815691441529	EV-R5KO	ENPYANAGK.ub.NPDEVSYAGDNFVR	O95391	SLU7	5.50163027370152
DHX40_K.ub.142	-4.87230647465874	19.3786885745371	-9.38534611883191	2.19540361858708e-05	0.0150121699438984	3.27244590055574	EV-R5KO	FDDCSSK.ub.ETAIK	Q8IX18	DHX40	4.87230647465874
GLUL_K.ub.291	1.63468390533144	24.103644596297	8.9135789757442	3.13306904166109e-05	0.0194762964607987	2.96249160597337	EV-R5KO	AYDPK.ub.GGLDNAR	P15104	GLUL	1.63468390533144
ITPR1_K.ub.1554	2.91206830844874	20.1041252370409	8.66076093834344	3.8161312757794e-05	0.0217455880531496	2.78794971491399	EV-R5KO	VLSDVAK.ub.SR	Q14643	ITPR1	2.91206830844874
IFI44_K.ub.371	4.07027830150016	20.5044359293447	8.34681800179467	4.90856595512919e-05	0.0258190569239795	2.56253753552016	EV-R5KO	SK.ub.LEEVQR	Q8TCB0	IFI44	4.07027830150016
CYP1B1_K.ub.454	7.37638775764583	21.6556001365257	8.1161679280637	5.93572973643172e-05	0.0289917999555143	2.39053810938366	EV-R5KO	DGLINK.ub.DLTSR	Q16678	CYP1B1	7.37638775764583
PLA2G4A_K.ub.176	2.04907604164986	23.3523645692328	7.90197117273766	7.10963955643423e-05	0.0301393134195008	2.22575600156966	EV-R5KO	LLGPK.ub.NSEGLHSAR	P47712	PLA2G4A	2.04907604164986
FADS2_K.ub.108	2.00820764599473	24.1972119085039	7.90108949123946	7.1149809474164e-05	0.0301393134195008	2.22506742228773	EV-R5KO	NSK.ub.ITEDFR	O95864	FADS2	2.00820764599473
GIT2_K.ub.131	-5.08218260992347	20.0742209016989	-7.84051406276675	7.49295595395604e-05	0.0301393134195008	2.17755374686591	EV-R5KO	DDDSVTAK.ub.DLSK	Q14161	GIT2	5.08218260992347
ABRAXAS2_K.ub.243	-4.96536236849012	19.4657035206113	-7.75500148215015	8.06541792235013e-05	0.0306396265294612	2.10978591409697	EV-R5KO	VVESCQAEVNK.ub.LR	Q15018	ABRAXAS2	4.96536236849012
SF3B1_K.ub.790	5.95384215347986	20.1542880335425	7.49420459456513	0.000101372218683415	0.0319094694771774	1.89797720643195	EV-R5KO	IVLK.ub.VVK	O75533	SF3B1	5.95384215347986
JUP_K.ub.336	2.32004370212929	24.2372138748391	7.47687447247272	0.00010294706112576	0.0319094694771774	1.88362322657051	EV-R5KO	VLK.ub.VLSVCPSNK	P14923	JUP	2.32004370212929
AKR1C3_K.ub.161	2.33270499271852	24.179696489285	7.37987115842351	0.000112283668407911	0.0319094694771774	1.80262322379582	EV-R5KO	DAGLAK.ub.SIGVSNFNR	P42330	AKR1C3	2.33270499271852
WDR75_K.ub.237	-5.67232908205607	18.2947570139916	-7.31340502673171	0.000119227425868798	0.0319094694771774	1.74647430567072	EV-R5KO	NFYDDK.ub.K	Q8IWA0	WDR75	5.67232908205607
PSMD14_K.ub.152	1.28899155508537	25.3201283736382	7.24682982214015	0.000126667506709765	0.0319094694771774	1.68969839062955	EV-R5KO	AVAVVVDPIQSVK.ub.GK	O00487	PSMD14	1.28899155508537
CORO1C_K.ub.413	-4.50687569670919	19.5896429255504	-7.22502058718387	0.000129216570297759	0.0319094694771774	1.67098193059346	EV-R5KO	NILDSK.ub.PTANK	Q9ULV4	CORO1C	4.50687569670919
PSMD14_K.ub.257	1.52499470463613	24.2532430608781	7.18419138990819	0.000134144338684802	0.0319094694771774	1.63578597191435	EV-R5KO	NYNK.ub.AVEEEDK	O00487	PSMD14	1.52499470463613
SURF4_K.ub.139	-5.30107510820971	21.1555581623751	-7.17294667716658	0.000135538129475774	0.0319094694771774	1.62605666984959	EV-R5KO	SEGK.ub.SMFAGVPTMR	O15260	SURF4	5.30107510820971
BGN_K.ub.82	3.29163981300896	20.4901300079337	7.17255895679686	0.000135586475546042	0.0319094694771774	1.62572092290902	EV-R5KO	VVQCSDLGLK.ub.SVPK	P21810	BGN	3.29163981300896
ANKRD1_K.ub.208	-3.22286685289243	21.3413387704227	-7.14991533130065	0.000138443696719903	0.0319094694771774	1.60608040995557	EV-R5KO	LLLNK.ub.GAK	Q15327	ANKRD1	3.22286685289243
AKR1C2_K.ub.270	3.87169928098199	24.5675555727819	7.1415522923187	0.000139515927815681	0.0319094694771774	1.59881046420422	EV-R5KO	GVVVLAK.ub.SYNEQR	P52895	AKR1C2	3.87169928098199
GALNT2_K.ub.111	1.43811180444082	24.6174756333042	7.13784082954964	0.000139994747633127	0.0319094694771774	1.59558132941319	EV-R5KO	FNQVESDK.ub.LR	Q10471	GALNT2	1.43811180444082
SF3B1_K.ub.1030	5.44900055643715	20.630100244923	7.09545606499163	0.000145595070675757	0.0321154546219622	1.55858319709634	EV-R5KO	HEK.ub.VQENCIDLVGR	O75533	SF3B1	5.44900055643715
NPR3_K.ub.387	2.44132783243941	24.3450300356907	7.02228132695656	0.000155862666559306	0.0327488294015755	1.49417886543743	EV-R5KO	DGGK.ub.IIQQTWNR	P17342	NPR3	2.44132783243941
NPR3_K.ub.387	2.44132783243941	24.3450300356907	7.02228132695656	0.000155862666559306	0.0327488294015755	1.49417886543743	EV-R5KO	KDGGK.ub.IIQQTWNR	P17342	NPR3	2.44132783243941
SH3RF2_K.ub.234	-4.25895961758368	21.4831435578089	-7.00742263107066	0.000158044950314711	0.0327488294015755	1.48101863648712	EV-R5KO	VDENWAEGK.ub.LGDK	Q8TEC5	SH3RF2	4.25895961758368
IARS1_K.ub.1057	-1.34898756970586	23.4326100078892	-6.83424372066988	0.000186162273266903	0.0359257738302867	1.32555543249866	EV-R5KO	VLIQEK.ub.TQLK	P41252	IARS1	1.34898756970586
IL32_K.ub.226	-4.59983062672121	21.2459819844738	-6.81441618079037	0.000189723160557058	0.0359257738302867	1.30750913703077	EV-R5KO	EELTPQK.ub.CSEPQSSK	P24001	IL32	4.59983062672121
IL32_K.ub.226	-4.59983062672121	21.2459819844738	-6.81441618079037	0.000189723160557058	0.0359257738302867	1.30750913703077	EV-R5KO	GDKEELTPQK.ub.CSEPQSSK	P24001	IL32	4.59983062672121
COPB1_K.ub.107	-1.11905144685029	24.1168153054977	-6.79844081344598	0.000192647554714842	0.0359257738302867	1.29293162700207	EV-R5KO	K.ub.DLQHPNEFIR	P53618	COPB1	1.11905144685029
IARS1_K.ub.1051	-1.40394355070648	23.4192622357873	-6.78290945903934	0.000195538967510309	0.0359257738302867	1.27872726637988	EV-R5KO	PYPVSPSDK.ub.VLIQEK	P41252	IARS1	1.40394355070648
SLC27A3_K.ub.389	3.7027798481376	21.3607594174274	6.76128331259417	0.000199646008416334	0.0359257738302867	1.25889614071459	EV-R5KO	YLVNQPPSK.ub.AER	Q5K4L6	SLC27A3	3.7027798481376
PLA2G4A_K.ub.541	1.6297468814379	25.237472331844	6.70867690209727	0.000210044290564694	0.036827765612343	1.2103988697705	EV-R5KO	IYEPLDVK.ub.SK	P47712	PLA2G4A	1.6297468814379
GALNT2_K.ub.103	1.20313754504176	23.3614752480884	6.6349658595573	0.000225645169943001	0.038574041801756	1.14182737922449	EV-R5KO	NK.ub.FNQVESDK	Q10471	GALNT2	1.20313754504176
CDK9_K.ub.56	-4.39525298460217	19.3430227143088	-6.566991749216	0.000241183954977465	0.0402247776618514	1.07794726440712	EV-R5KO	VLMENEK.ub.EGFPITALR	P50750	CDK9	4.39525298460217
AKR1C2_K.ub.185	6.60571145429391	21.279127794331	6.52778753448499	0.000250686172710448	0.04081409640462	1.04082010193223	EV-R5KO	YK.ub.PVCNQVECHPYFNQR	P52895	AKR1C2	6.60571145429391
FN1_K.ub.180	-2.96830315800698	19.894846475584	-6.45443908648171	0.000269605472181896	0.0424644650056837	0.970794408057153	EV-R5KO	GEWTCK.ub.PIAEK	P02751	FN1	2.96830315800698
BCAP29_K.ub.138	-3.35155403918142	20.4279155118904	-6.42374438700694	0.00027799057123542	0.0424644650056837	0.941270794009177	EV-R5KO	GVLK.ub.TQAENTNK	Q9UHQ4	BCAP29	3.35155403918142
PLA2G4A_K.ub.618	3.70707232295412	20.6438016993685	6.41849598860002	0.00027945319176013	0.0424644650056837	0.936209607061232	EV-R5KO	EGLK.ub.ECYVFK	P47712	PLA2G4A	3.70707232295412
EPHA7_K.ub.634	4.6464596878127	20.5457541833144	6.28257241618684	0.000320485516679541	0.0476408687620588	0.803798249727577	EV-R5KO	ELDASCIK.ub.IER	Q15375	EPHA7	4.6464596878127
